{
    "57": [[],"lperm"],
    "69": [[],"jperm"],
    "9": [[],"tperm"],
    "117": [[],""],

    "67": [["m"],"lperm"],
    "139": [["w", "d", "w", "d", "l"],"tperm"],
    "103": [["m"],"jperm"],
    "31": [["L"],"tperm"],

    "118": [[],""],
    "130": [["w", "d", "l"],"tperm"],
    "154": [["D", "m"],"jperm"],
    "142": [["W", "D","L"],"tperm"],

    "54": [["M"],"jperm"],
    "18": [["l"],"tperm"],
    "90": [["M"],"lperm"],
    "126": [["w", "d","w", "d","L"],"tperm"],

    "11": [["l", "l", "d", "m"],"jperm"],
    "35": [["W", "D","l"],"tperm"],
    "47": [["d","m"],"jperm"],
    "23": [["w", "d","L"],"tperm"],

    "104": [["D","l", "l"],"tperm"],
    "152": [["d", "d","l", "l"],"tperm"],
    "92": [["d","l", "l"],"tperm"],
    "44": [["l", "l"],"tperm"],

    "111":[["r","D"], "yperm"],
    "123":[["f"], "yperm"],
    "15":[["f", "R"], "yperm"],

    "13":[["F", "d"], "yperm"],
    "121":[["r", "r", "D"], "yperm"],
    "157":[["r", "f"], "yperm"],
    "49":[["d"], "yperm"],

    "124":[["R"], "yperm"],
    "112":[["r", "r"], "yperm"],
    "148":[["r"], "yperm"],
    "160":[[], "yperm"],

    "108":[["R", "f"], "yperm"],
    "36":[["D", "r"], "yperm"],
    "144":[["D"], "yperm"],

    "17":[["f", "f"], "yperm"],
    "53":[["d", "d", "r"], "yperm"],
    "41":[["d", "d"], "yperm"],

    "50":[["F"], "yperm"],
    "158":[["D", "F"], "yperm"],
    "146":[["d", "d", "F"], "yperm"],
    "38":[["d", "F"], "yperm"]
}